User_Tweet,Company_Reply,Expected_Intent,Expected_Action (auto_handle/escalate)
@AppleSupport @400556 I downloaded new version and now my phone doesn’t ring and can’t hear message text..I checked ringer it rings when I turn up help,@400557 Let us help you sort this out. Join us in DM so we may better assist you: https://t.co/GDrqU22YpT,Software Bug,auto_handle
So the new @115858 iOS11 feature that stops apps from requesting rating reviews is working great. And by that I mean #notworkingatall,"@370005 We're here to help. Let's check Settings &gt; iTunes &amp; App Store. Is the ""In-App Ratings and Reviews"" switch already off?",Feature Inquiry,escalate
"It’s so embarrassing. 🙄😢 Fix I️t, @115858! https://t.co/wlSoFx3jA7",@528343 Here’s what you can do to work around the issue until it’s fixed in a future software update: https://t.co/xXaXeeSRt9,Software Bug,auto_handle
@AppleSupport I deleted both and reinstalled and now they are working with “hey Siri”,@240351 Excellent. We're glad to hear it's been sorted out.,Software Bug,escalate
".@115858, your update has brought my phone to a hault. I can’t even do the basic function of a phone- make calls. I bought this phone less than 5 months ago. You’ve had months to fix this, to no avail. I will never buy another one of your products again.","@770207 Thanks for reaching out to us, we can help you with your slowness issue. What iPhone and model are you using and which iOS version is it running? 

How to find the iOS version: https://t.co/ZTw54HL4Rm",Software Bug,escalate
@115858 y’all need to fix this iOS 11 shii,@500019 We'd like to help. What's going on?,Software Bug,escalate
"@AppleSupport Hi! Where it’s place in the screen. Unless this is a new thing which needs some getting used to. Before ios11.1, it popped in the center.",@470012 Thanks for the clarity! This is normal and something you'll want to adjust to on iOS 11.1.,Feature Inquiry,escalate
My lord did @AppleSupport #Apple screw up the #iPhone6Plus with #IOS11 ! #Siri is slug its so slow. #Tech #smartphone,@592764 Let's help take a closer look and get Siri working smoothly. Please DM us the version of iOS 11 you're using. https://t.co/GDrqU22YpT,Software Bug,escalate
@AppleSupport Battery doesn’t last half a day at college and I barely use it at all. WiFi should just be disabled via the slide up menu.,@179963 Which version of iOS 11 are you using? Check Settings &gt; General &gt; About and let us know in DM. https://t.co/GDrqU22YpT,Battery Issue,escalate
Why does my my phone keep changing “it” to I.T ?  Apple what are you doing? @AppleSupport @115858  get I.T together 🙄,@722986 Let’s dig a little deeper to see what we can find out. DM us your current iOS version. We’ll continue working with you there. https://t.co/GDrqU22YpT,Software Bug,auto_handle
@115858 Serious issues as soon as OS 11 is updated.. is it a ploy to push one to upgrade?,"@326639 We're here to help. Please let us know what symptoms you've encountered, and which iOS 11 version number is installed currently.",Software Bug,escalate
Found a bug in the iOS 11 calculator software. @116333 1+2+3=24!?🤔 @AppleSupport,@362815 Let's look into this for you. Send us a DM and we can check on available options. https://t.co/GDrqU22YpT,Software Bug,auto_handle
"My new #iPadPro seems to be having trouble waking up and switching on. Anyone else having this issue?

@115858 @AppleSupport",@418652 Have you updated to iOS 11.0.3? https://t.co/80YRnjDFDk Send us a DM and let us know some more details. https://t.co/GDrqU22YpT,Hardware Defect,escalate
"@AppleSupport Houston, TX, USA",@129828 Thank you for the DM. We'll continue working with you there.,Account Support,auto_handle
"@AppleSupport Hi, do you have french support ?
I want to change my delivery address on an order placed
Thanls",@129040 We'd be happy to get you pointed in the right direction. Could you DM us what country you are in? https://t.co/GDrqU22YpT,Account Support,escalate
My phone would mess up around this time smh @AppleSupport,"@277616 We're here for you. What's happening with your iPhone? Which iPhone do you have, and what's the iOS version you're running in Settings &gt; General &gt; About &gt; Version?",Software Bug,escalate
@AppleSupport can you please follow me I want to raise an issue. I can't cancel a payment that you just debited,@813687 We can help you with this. DM us and let us know what the payment is for and we can look into it. https://t.co/GDrqU22YpT,Account Support,escalate
Wow I really just love when my battery is almost full but then I use @917 a few times &amp; it makes my phone crash and restart and wipe my battery down to 10% it just makes my day thanks @115858 I love iPhones 😊😊😊😊😊😊😊😊😊😊😊😊😊😊😊😊😊😊😊😊😊😊😊😊😊😊😊😊😊😊😊😊😊😊,@766322 We want to help. Reach out via DM and let us know what version of iOS you have installed. You can check by tapping Settings &gt; General &gt; About. https://t.co/GDrqU22YpT,Battery Issue,auto_handle
Fix your shit @115858 https://t.co/lxMjB17S2e,@513678 Here’s what you can do to work around the issue until it’s fixed in a future software update: https://t.co/xXaXeeSRt9,Software Bug,auto_handle
@AppleSupport WTF APPLE WHY EVERY TIME I TYPE I ITS A QUESTION MARK 😑😑😑,@525659 Here’s what you can do to work around the issue until it’s fixed in a future software update: https://t.co/xXaXeeSRt9,Software Bug,auto_handle
@AppleSupport I use the Bedtime feature and have done for months. Randomly today and Tuesday it just didn’t go off. Sound is on loud..,@210109 Were you able to try the steps we provided? They will help us to isolate the issue.,Software Bug,escalate
"Okay @115858 I’ve had it with this glitch. Fix the I️ situation stat, it’s not a cute look. https://t.co/aCDOzNS7Oi",@594569 We’ve got your back. Check out the workaround in this article and DM us any questions you may have: https://t.co/MaraeomA15 https://t.co/GDrqU22YpT,Software Bug,auto_handle
@AppleSupport I did do all that. I don’t get anything from a vibration standpoint.,"@300639 Thank you for that information.  Please go ahead and update to our latest iOS 11.0.3, and let us know if the issue persists.",Hardware Defect,escalate
"Can we have a fix for this, @AppleSupport?",@571859 Let's get to the bottom of this. Which version of iOS are you on? You can find that in Settings &gt; General &gt; About. Reply in DM. https://t.co/GDrqU22YpT,Software Bug,auto_handle
@AppleSupport That’s not an answer. I already save as much battery life as I can. Why do apple updates screw up the phone? Each apple phone has done that! You screw people’s phones so they buy new ones right?! @115858,@272372 We'd be happy to look into this with you more in detail. Please reach out to us via DM and we'll get started. https://t.co/GDrqU22YpT,Battery Issue,auto_handle
My @115858 headphones have a short. Please send me a new pair @AppleSupport,@603279 We'd be happy to help with your EarPods. Are these EarPods that came with a device? Can you DM us what country you're in? https://t.co/GDrqU22YpT,Hardware Defect,escalate
@AppleSupport why does my phone say that I have headphones in when I don’t,@754785 We'll do everything we can to help you with this. How long has it been doing this? What iOS are you running on the device?,Hardware Defect,escalate
"@AppleSupport Yes, just not on the headphones. Using 11.0.2","@415482 We recommend updating to iOS 11.03. With any change to the device, we recommend making sure you have a current backup.",Hardware Defect,escalate
"My #AppleWatch OLED screen is worst every day... Did you think this is acceptable @AppleSupport @116333 ? Early adopter of #iPhone Edge &amp; #AppleWatch . #iPhoneX ? No, never again! 😡 #OLED #screen #burnin https://t.co/jNuWeLfZcq","@677418 We want you to be able to enjoy your Apple Watch, and we'll do all we can to help. To get started, let us know what country you're in via DM: https://t.co/GDrqU22YpT",Hardware Defect,escalate
"WTF is wrong with @115858 ? My iphone 📱 blacksout all the time, I’m definitely not a big fan anymore. 😞",@524798 We'd love to assist you. Is the device still on when the screen goes black? DM the answer below. https://t.co/GDrqU22YpT,Software Bug,escalate
@115858 please send me a new MacBook Air mine won't work and I don't know what happened and my Apple care ran out and I'm too poor to fix or buy a new one but also need my laptop for work and getting back into school -much Love Braedon,@265748 We know how important it is to be able to depend on your MacBook. Let's work together. Can you provide us what you're experiencing with your MacBook? Which macOS is currently installed on your Mac? You can locate the macOS with these steps: https://t.co/aTSJR8BjEc,Hardware Defect,escalate
"After 3.5 hours, 4 different Apple Tech Support (chat &amp; phone call) and a Supervisor who NEVER called me, I still CAN NOT log-in to ITunes, App Store, etc..  I’ve made My LAST @115858 Product purchase! #IOS11 is destructive!","@785332 We want you to be able to log into the iTunes and App Stores. DM us, and let us know what happens when you try to log in. We can help you get this resolved. https://t.co/GDrqU22YpT",Account Support,escalate
"@AppleSupport @115858 My 2-year old MacBook Air was stolen 2 days ago in Italy.. Can you help with questions re: insurance, security, etc?",@488230 Oh no. We're sorry to hear that. You may find this link helpful: https://t.co/rY3YNIWj2t DM us with any questions.,Account Support,escalate
@AppleSupport the sound on my macbook air isnt working. I looked at the options and theres no option for internal speaker. Idk what happen. https://t.co/mE2ubS6EgW,"@214332 Let's look at this together, please DM us. https://t.co/GDrqU22YpT",Hardware Defect,auto_handle
@115858 @AppleSupport how do I report issues with the new software,"@168225 You've come to the right place! What kind of device do you have, and which software version is it running? DM us here: https://t.co/GDrqU22YpT",Feature Inquiry,escalate
"@AppleSupport what if i don't have access to my ""trusted phone number""? I don't even remember which one is it ??? why do u make everything so complicated?","@344243 If you're not getting the code, or don't have access to the device, this link can help: https://t.co/PgJpFBufEK",Account Support,escalate
@AppleSupport @122326 And I only got it in April!! 2/2,"@558606 Battery life is important, and we're here for you. DM the iOS version your iPhone is running, and we'll get started. https://t.co/GDrqU22YpT",Battery Issue,auto_handle
#iPhoneX crackling sound issue on my phone as well. @115858 support made me restore etc. but no good.  https://t.co/1nI8pKxHnJ,@759375 We'd be happy to look into this with you. Let's meet in DM here: https://t.co/GDrqU22YpT,Hardware Defect,auto_handle
"@AppleSupport any idea why this happens? When i click on emoji, my keyboard goes up! See the video below! @115858 https://t.co/55EGEzPQwA","@249931 We're happy to help, but need to better understand what the issue is. It appears in the video that you're tapping the emoji key in the lower left, which is designed to bring up the emoji keyboard. Can you clarify the concern?",Feature Inquiry,escalate
@AppleSupport.. battery performance has degraded after #ios11update .. either take us back to ios 10 or do something about it..😡😡,@754101 Thanks for reaching out. DM which iPhone and specific iOS version you are using to get started. https://t.co/GDrqU22YpT,Battery Issue,auto_handle
@AppleSupport i want to fucking kill myself why cant I play my music anymore with this new Ios update,@623046 This is unexpected. We're here to help. Meet us in DM and we'll take a further look at this with you. https://t.co/GDrqU22YpT,Software Bug,auto_handle
@115858 updated to 11.2. Unable to activate Apple Pay Cash. Help?,"@261493 Thanks for updating to iOS 11.2. If you're in the US, those features will begin rolling out early next week.",Feature Inquiry,escalate
Bloody terrible new IOS deleting battery life and destroying our phones! @AppleSupport 😡😡😡and 3 updates later too!!,@595351 Let's team up and work on this battery issue together. DM us the iOS 11 version currently installed &amp; your model iPhone. https://t.co/GDrqU22YpT,Battery Issue,auto_handle
"@AppleSupport why can’t we type the letter “I️” without it doing this. And yes, I’ve updated to iOS 11.1. The letter “I️” keeps glitching https://t.co/4bFDZ4yTBc",@514553 We can help you out. Take a gander at the following article and DM us with any questions. Thanks. https://t.co/xXaXeeSRt9 https://t.co/GDrqU22YpT,Software Bug,auto_handle
"@AppleSupport No, it does not.",@125608 Are all your apps updated from the App Store?,Software Bug,escalate
"@AppleSupport yes - iMessages lag when typing, all my apps lag to open &amp; apps that use video snap chat, Facebook, Instagram &amp; Snapchat kill every time💀💀",@673407 Are you using iOS 11.0.3? Let us know in Direct Message where we’ll continue from there. https://t.co/GDrqU22YpT,Software Bug,auto_handle
@AppleSupport It doesn't even want to update- i have over 5 GB free storage 😕😕😕😕😕 pls help https://t.co/dKL2jJ0fGq,@126094 We're happy to help. Let's start with the steps in this article: https://t.co/80YRnjDFDk,Software Bug,auto_handle
"@115858: update ready to install for MacOs
Me: Probably a good idea
Macbook after updates: I forgot what a capital i looks like. Ok if I just show something else instead?

@115858 thanks for breaking a month old computer this AM with the same bug that got my phone this weekend... https://t.co/JM1P01Nz6V",@629077 We'd like to look into this with you further. DM us which macOS version you're running to get started. https://t.co/GDrqU22YpT,Software Bug,auto_handle
"@AppleSupport hello, I've received an email which I think is spam, do you have a department that deals with phishing emails? I can't see any details in my Apple account relating to the subscription I've apparently taken out - I've not clicked anything in the email.","@814566 Thanks for reaching out. For help identifying and reporting a phishing email, check out the following link: https://t.co/LNMCdqt6fD Please DM us if this does not help: https://t.co/GDrqU22YpT",Account Support,auto_handle
@115858 Out of three years i have replaced 3times speaker.. 2 times display Within in extended warranty period ! Should i file a case? MAC,"@815217 That is not expected, so we want to take a look at that with you.  Send us a DM so we can get started. https://t.co/GDrqU22YpT",Hardware Defect,auto_handle
Why in the fuck is my phone putting boxes with question marks in them in place of words?!? I️ don’t get it!🤔,@506203 Here’s what you can do to work around the issue until it’s fixed in a future software update: https://t.co/xXaXefaskH,Software Bug,auto_handle
Don’t understand why every time I type the letter “I” it changes it to weird symbols? @115858 fix it pls,@485026 Thanks for reaching out. This article can help: https://t.co/tTi2c9SDuV Let us know if we can be of any other assistance.,Software Bug,auto_handle
@AppleSupport what is the fix for the fast battery drain since I upgraded to IOS 11.0.3?,@379044 We'd love to help you with your iPhone battery. DM us and we'll continue there. https://t.co/GDrqU2kzhr,Battery Issue,auto_handle
@115858 I have an iphone 6 64GB. After updating 11.1 my phone has become slow. Could you help resolve this issue? U r doing this to make users like me upgrade then that isn’t happening. Please address this Issue.,"@447240 We completely understand how a slow device is inconvenient. It's even more when needing information quickly. We recently introduced iOS 11.1.1. If you haven't updated, then try that after making a backup and DM us if the issue continues. https://t.co/GDrqU22YpT",Software Bug,escalate
"@AppleSupport Slow, laggy, apps shut down , battery life",@355319 Thank you for those details! We'd like to help you get this resolved as quickly as possible. Send us a DM to continue. https://t.co/GDrqU22YpT,Software Bug,auto_handle
Did @115858 even test High Sierra? I'm doing an upgrade that is a lot like pissing against the wind.,@235824 We're here to help. What issue are you having?,Software Bug,escalate
Why did my @24754 run out battery very fast after updated version? Anyone can help? @115858,@245920 We'd definitely like to help you with the battery issue you're experiencing with your iPhone. What is the exact version of iOS you're using on your iPhone? Let us know in DM. https://t.co/GDrqU22YpT,Battery Issue,auto_handle
"My phone has been off the charger since 7am, it’s 8:45 and it’s already on 75%?? @115858 wtf is up with that, so much for more “battery”..lol",@562917 We're happy to look into your battery concerns. DM us your model iPhone and the iOS version installed to get started. https://t.co/GDrqU22YpT,Battery Issue,auto_handle
"My phones due for an upgrade soon, and it’s deciding just to stop working and fucking up 😭 @115858 coincidence?? 🤔","@472651 Hi there, we can help with your current iPhone. Let us know which one you have, which iOS version &amp; what’s happening.",Software Bug,escalate
"@AppleSupport not as far as i remember it just comes up as a notification, and sometimes i have to unlock my account cause i get locked out",@309446 Are you using a specific app when this happens? Tap Settings &gt; Your Name &gt; iCloud &gt; iCloud Backup. Are you restoring?,Account Support,escalate
"@AppleSupport it just gets worse after each upgrade.  Battery drain is horrible, random reboots, taken to talk-to-text since lag is so bad.",@287949 We want you to have a much smoother experience with iOS 11. Let us help you out. Which specific version of iOS 11 are you running? When did you first notice these issues? Send us a DM with that info to get started. https://t.co/GDrqU22YpT,Software Bug,escalate
@115858 you wanna tell me why my (and my boyfriend’s) messages app keeps crashing every time I open it??? It’s an iPhone 7 Plus. Wtf and yes everything is fully up to date. Most annoying thing to not have working.,"@156812 Let's help get Messages up and running as expected. Reply by DM, and we'll take it from there. https://t.co/GDrqU22YpT",Software Bug,escalate
"@AppleSupport I'm considering upgrading to a 64GB iPhone X, but my current iPhone 7 (128GB) is using 92GB (mostly photos). I have Optimized Storage enabled. Will the backup restoration smartly trim photos in order to meet the new size requirements? Or will it naively error out?","@341056 Reach out to us via DM, then we can advise you on this from there. https://t.co/GDrqU22YpT",Feature Inquiry,auto_handle
@139938 anyone else having issues sending emails from @115858 devices? #NotSending,@663122 Thank you for reaching out to us. We'd be happy to look into this with you. Can you give us some more details? What happens when you try to send an email? Do you get an error message?,Software Bug,escalate
Wow. I am not about to keep playing with @115858. Run me my new phone🗣 cuz y'all still won't let me update after I tried all the troubleshooting steps yall sent me.,@143623 Can you please let us know via DM what happens when you try the update in iTunes? Any screenshots you may have would be a huge help. Thank you. https://t.co/GDrqU22YpT,Software Bug,escalate
@AppleSupport This issue is happening on the Mac. 11/14 in Safari reading email and today in a text message. Please fix.,"@725628 We'd be happy to dig into what's causing the autocorrect issue that you're seeing. When you mention that it's happening on your Mac, is it happening when you type the letter i or are you just seeing the issue when viewing content that others have typed?",Software Bug,escalate
"Hey @115858 @AppleSupport, what gives? And let’s not start on the crashing with 80% battery 🙄 #buyandroid #Apple #AppleFail https://t.co/g6AneAnOvM",@230302 We'd like to look into this with you. Is the device consistently shutting off at 80% battery life? Let us know in Direct Message and we'll take a look. https://t.co/GDrqU22YpT,Battery Issue,escalate
This may be the WORST experience I’ve had with @115858 in awhile. Phone randomly closing out. The damn “i” not fucking working. Like what the fuck?? AND you expect me to pay 1k for the 10 and y’all can’t even get the 8 TF together — i think TF NOT!,"@170495 We certainly want you to be able to enjoy your iPhone and we'll do all we can to help. To start, which iPhone do you have and have you updated to iOS 11.1.1 to help with the predictive text issue? If not, give that a try and let us know how it goes.",Software Bug,escalate
"Ok. @AppleSupport what is going on with iOS11.x?!

Phone rebooted and it booted up straight into lockout mode. 

What the fsck is going on over there? 

Seriously…

Every iOS11.x update has broken something new. 

What. The. Fsck.

#iWantMyiPhoneBack https://t.co/CPPBJCfiY1",@150185 Hi there! We want to help with this passcode issue so you can access your iPhone. Please check out the following article and let us know if you're still seeing this screen: https://t.co/F1QfwW1u1N,Account Support,escalate
@AppleSupport why is my phone running so horrible since ios11 install? Planned obsolescence?,"@471272 If you have concerns with your iPhone, we'd love to help. What version of iOS are you using, and what are you seeing?",Software Bug,escalate
@AppleSupport Thanks!!,@200233 You're very welcome!,General Feedback,auto_handle
"@AppleSupport Yes I am, although after the update I was prompted to enter a new password.",@432500 Check this. iTunes Store app More (...) &gt; Purchased &gt; Music. Do you see all of it there?,Account Support,escalate
@AppleSupport I know I’m not the only one with this issue I’ve checked Twitter y’all need to fix the keyboard shit cuz this is really irritating,@583952 Thanks for that screenshot and info. Let's take a closer look in DM. https://t.co/GDrqU22YpT,Software Bug,escalate
@AppleSupport My MacBook is on MacOS 10.13.2 developer beta 5 and I can't see the security update 2017-001 for MacOS High Sierra? I have installed all updates and there are no updates available anymore. And I haven't installed that update already...?,@816271 We're here to help. Let's get you in contact with our developer support here: https://t.co/MN29maiV1D,Software Bug,escalate
this update got my phone acting like a 4s @115858 what's ur deal ??,@509257 We're here to help. Can you DM us more details on your iPhone issues? https://t.co/GDrqU22YpT,Software Bug,auto_handle
@AppleSupport New update didn't work. Literally - took an hour and then got an error message. Just deleted all of my texts in hope it would work. Sigh,@289405 We'd like to help. You've done great so far to try to get it fixed up. Let's meet in DM and see what else we can work through: https://t.co/GDrqU22YpT,Software Bug,escalate
@115858 fix this before I go to android on yall dumb ass!!!!!!!!,@474332 We want to help you out. DM us some more details about the issue you're having to get started with us: https://t.co/GDrqU22YpT,Software Bug,auto_handle
"So many @115858 iPhone bugs. Mainly orientation not happening. Lots of shut downs. And, strange photo issues","@574454 We're happy to help with the issues you're experiencing. In DM, please let us know which software version you're using. https://t.co/GDrqU22YpT",Software Bug,auto_handle
"@AppleSupport  Why my “it” keep turning into “I.T” 
And my “okay” turning into “O...Kay”",@727055 We want to work on this with you. What iOS are you running on your device right now?,Software Bug,escalate
@AppleSupport  screen went black. Reset photo came back. WTF? https://t.co/yABpvf2NEn,"@162153 We're here for you. When you say you ""reset photo"", could you tell us what you mean by that? Thanks.",Software Bug,escalate
@AppleSupport I️ have no idea what I️ did but I️ am going out of my mind with the I️ autocorrect thing. I️ am glad we have more than a 140 characters but I️ want this I️ thing fixed,@638157 Thanks for reaching out to us. We’ve received your DM and will continue with you there. Watch for our reply shortly.,Software Bug,auto_handle
"@AppleSupport Does Apple mess w/people's phones after they're old &amp; a new one comes out? Weird, but, true...  My daughter &amp; I have 6Ss &amp; they've both suddenly got bad battery problems &amp; other issues w/running generally.  I know people joke about it, but our phones Rn't working.","@473245 We're happy to work on this with you. Let's get together in DM to start working on the issue. Once there, please let us know which version of iOS your iPhones have on them. You'll find that listed under Settings &gt; General &gt; About. https://t.co/GDrqU22YpT",Battery Issue,auto_handle
"Hey @AppleSupport My Mac Finder icon now looks like this, can you help.  Tried restarting and still broken. https://t.co/shLSIb4tG9",@361287  Let's start in safe mode: https://t.co/PQ4LSYhUTY This will clear some cache files and give us a good foundation.,Software Bug,escalate
@AppleSupport my iPhone won't let me delete any of my photos. I click delete and then they come back within seconds?!,@135046 Let's see how we can provide you the best guidance on this. Which iPhone and iOS version are you using? Have you tried restarting your iPhone after deleting the photos? Does the same issue happen after restarting?,Software Bug,escalate
"😑 @AppleSupport listen here. Day 4 of @115769 not working on #HighSierra. I’ve reinstalled, I’ve patched, I’ve checked Read and Write permissions. Like yo.",@165584 We’re happy to dive deeper into this with you. Reach us in DM to continue. https://t.co/GDrqU22YpT,Software Bug,auto_handle
@115858 @115858 my FaceTime not working,@476530 Let's get FaceTime working again. Can you first tell us the device and software version you're experiencing this on?,Software Bug,escalate
@AppleSupport so saddened by the handling of my moms iPhone X preorder. She’s gotten no reason on why her phone is now being shipped back to the warehouse. It was scheduled to be delivered Monday. Now due to the return request from @115858 it’s going to be 10-14 days.,@267778 We're sorry to hear there's been some issues with the shipment of your mother's iPhone X. Was it purchased right from https://t.co/aDvvwiWFbo or through her carrier? https://t.co/GDrqU22YpT,Account Support,escalate
"@AppleSupport Hi, been having a lot of trouble with my iPhone lately and any help or advice u could give would really help.",@311210  We're happy to assist. Which iOS version are you currently running? Go to Settings &gt; General &gt; About for the version.,Software Bug,auto_handle
@AppleSupport is there anyway to undo this new update?!? My phone keeps on crashing &amp; freezing &amp; I’m trying to work Lyft &amp; Uber here!! 😡,@690961 We want to help. Meet us in DM and we'll work towards a solution together. https://t.co/GDrqU22YpT,Software Bug,auto_handle
I hate @115858 .. iOS 11 ruined my phone 😭😡,@680768 We are here to help whenever possible. DM us the specific issue you are seeing to get started. https://t.co/GDrqU22YpT,Software Bug,auto_handle
@AppleSupport iPhone 7 current software is 11.0.2,@198489 Thanks for the photo. We want to look further into this issue. Reach us via DM to continue. https://t.co/GDrqU22YpT,Software Bug,escalate
Dear @115858 iOS 11 has crippled my barely 2 yr old phone. Not cool. #brick,@445677 That's not good. We want your iPhone running its best. Provide us more details on what's going on so we can help.,Software Bug,escalate
Final Cut Pro X (10.3.4) is soooo fuckin laggy on High Sierra!!!! WTH @115858??!!!?! 😡😡😡😡😡,@527116 Thanks for reaching out. DM us more info about your experience and we'll get you to the right spot. https://t.co/GDrqU22YpT,Software Bug,auto_handle
@116333 Still no feedback from apple support. What kind of support is that??!! https://t.co/5t8MawBUH2,"@486432 We'd like to help. Check out this link: https://t.co/8MvHMFZ83h If you need further assistance, reach out to us in a DM here: https://t.co/GDrqU22YpT",Software Bug,auto_handle
It makes no sense that you cannot pair/unpair an Apple Watch without factory reset. I just worked out! Fix this! @AppleSupport @115858,"@150253 We'd love to help. If you have a backup, you can restore that to your watch when it's re-paired. https://t.co/ZgliRI8nbI",Feature Inquiry,escalate
@AppleSupport since upgrading to new IOS phone has been glitchy. Lock screen shows the time 50% of time. Whyyyyyyyy? https://t.co/XX7BglTAV5,@439955 We'd be happy to help. Send us a DM and tell us which version of iOS you're using and the model of iPhone. https://t.co/GDrqU22YpT,Software Bug,auto_handle
@AppleSupport I am pretty sure it is just a dummy speaker to look like a speaker....,@327192 Thanks! Go ahead &amp; reach out to us in DM &amp; tell us more about this. This will help show those speakers: https://t.co/Xr0X92s6Ls,Hardware Defect,escalate
"Wth @115858, I've been clicking ""download &amp; install"" for almost a week now but the update doesn't want to start download. 🤔",@356800 We'd be happy to help you get your apps updated. Have you tried another Wi-Fi network? Please DM us your device and version of OS: https://t.co/GDrqU22YpT,Software Bug,escalate
@AppleSupport iPhone 6 doesn't always take pictures w/ios 11.0.3,@581147 We'd like to know more about what is going on. Do you get an error when trying to take a photo? Let us know what happens. https://t.co/GDrqU22YpT,Software Bug,escalate
"@AppleSupport Iphone 7
Ios 11.2","@150731 Got it, thanks. To clarify is your battery life not lasting as long as you expect it to or are you having an issue with creating a backup of your device? Let us know and we'll continue.",Software Bug,escalate
Quand tu veux @115858 pour corriger le bug du dock qui disparaît sur iPad 12 »...,@216973 We offer support via Twitter in English. Contact us for help in your preferred language here: https://t.co/IBIY3vMgPj,Software Bug,auto_handle
"HELP!😩😩😫got the whole way through the @115858/@AppleSupport upgrade programme, picked phone, location, sign in, enter code, got chucked out",@672698 Thanks for letting us know about your experience. We appreciate your patience as we look into this issue. Please reach out to our Apple Online Store Support team for assistance. You can reach them at the phone number listed here: https://t.co/8yjRd1Xo0i,Account Support,escalate
@AppleSupport the keyboard keeps disappearing on the iPhone 7 ever since the iPhone 8 (and coincidently the iPhone 7 bug/upgrade) dropped.,@398410 That isn't expected behavior. Let's figure this out. Is this happening with certain apps? Which iOS version are you running?,Software Bug,escalate
@AppleSupport my iPhone 7 Plus volume display keeps showing up despite my phone being idle any suggestions? Happened since update,@321626 We'd like to take a look together. Is there a case on the iPhone that covers the volume buttons?,Hardware Defect,escalate
@AppleSupport You guys over charged me on music I bought on iTunes and I want my money back I’m mad as hell,@123826 We want to help. You can reach our iTunes support team here: https://t.co/SDIe7UiyJN,Account Support,escalate
@AppleSupport what should i do?. https://t.co/CfQfc1386K,@580189 We can help. It appears you've started the account recovery process &amp; it will take about 5 days to complete. DM us any questions. https://t.co/GDrqU22YpT,Account Support,escalate
"@AppleSupport No, it just freezes the screen and a stationary pinwheel appears on the screen which I'm then unable to move, they keys don't work either apart from the off switch. When I manually restart it says ~""Your Mac shut down because of a problem"".",@716007 Thanks. Let's look into that further. Send us a DM and we'll go from there. https://t.co/GDrqU22YpT,Software Bug,auto_handle
MY PHOBE WNT SAVE THE FUKIN PICTURES BITCH IM ON TO U U BETTER FIX THIS SHIT IM NOT BUYING UR NEW IPHONE @115858,@755514 Let's work on this together so those photos can be saved to your iPhone again. DM what happens when you take a photo? Do you get an error message or does it just not show up in your Photos? https://t.co/GDrqU22YpT,Software Bug,escalate
@AppleSupport Ios 11.1.1 on the iPhone 6,@692121 Got it. Let’s continue to work together on this in DM: https://t.co/GDrqU22YpT,Software Bug,auto_handle
@AppleSupport IOS 11.03. iPhone 6. Issues started after the IOS update,@597934 We'd like to have you go ahead and update to iOS 11.1. DM us if you're still encountering the issues after. https://t.co/GDrqU22YpT,Software Bug,escalate
"@AppleSupport also I haven't been able to update my phone in a while, it's got iOS 10.0.02 right now.Error message for every update since.",@603899 Let's discuss your options for your battery and help with your software updates. Please DM us with the link below to start. https://t.co/GDrqU22YpT,Software Bug,escalate
"I’ve deleted over 8 thousand photos and videos and my iCloud is STILL full 
@AppleSupport plz help",@595983 We're happy to look into this issue with you. Please meet us in DM and we'll be happy to take a closer look. https://t.co/GDrqU22YpT,Account Support,auto_handle
@AppleSupport No.,@384111 Let's go ahead and continue in DM. https://t.co/GDrqU22YpT,Software Bug,auto_handle
"@AppleSupport iOS 11 has turned my rockin’ iPhone 6+ into my iPhone 4. Slow, clunky, autorotate does not, etc. I might as well be using a Samsung. Fix it quick, please.",@680411 We're happy to assist. Which iOS 11 version are you currently running? Go to Settings &gt; General &gt; About for the version.,Software Bug,auto_handle
"@AppleSupport I broke my screen in my iPhone 8, I called to ask where I can fix in Mexico City but they don’t have a screen! How is posible",@128335 We'd like to help. Have you tried other locations? You can find the places closest to you with this link: https://t.co/FRIRA3cwGI,Hardware Defect,escalate
ii tried to turn my auto correct off but ii suck at texting without it 😫😫😫 @115858 fix this SHIT!!!!,@511912 Here’s what you can do to work around the issue until it’s fixed in a future software update: https://t.co/xXaXeeSRt9,Software Bug,auto_handle
"@AppleSupport iPhone SE, 11.1.2, latest iTunes installed as well, via usb","@258640 Just to be sure we are on the same page, which specific box is grayed out that you are referring to?",Software Bug,escalate
Anyone else wrist breaking out from @115858 apple watch 3series ?,@730269 Thanks for reaching out to us for support. We would love to help you. Please DM us so that we can look into this together. https://t.co/GDrqU2kzhr,Hardware Defect,auto_handle
@AppleSupport Wow... Thank you so much the great ios 11 make my iphone6 dead 😒,@740342 Having issues getting your iPhone to power on? Check out this link here for help and DM us the results. https://t.co/8MvHMFZ83h https://t.co/GDrqU22YpT,Hardware Defect,escalate
@AppleSupport please take into account the following bug. This is my lockscreen. Thank you https://t.co/AAUauJH7ew,@555847 Which device and version of iOS are you using? Does a restart resolve the issue for any amount of time?,Software Bug,escalate
@AppleSupport Sending status bar sits at about 80% for a couple of minutes and then the red “not sent” appears. In some cases the message in fact did send,@331993 Please check out the steps in this support article for issues sending messages: https://t.co/2hgNQH8Vvq,Software Bug,escalate
"Toll, wie mein Handy während der Zugfahrt ca. alle 5 Minuten seine Datenverbindung verliert. An wem liegt‘s, @AppleSupport oder @260566?",@774809 We offer support via Twitter in English. Contact us for help in your preferred language here: https://t.co/IBIY3vMgPj,Software Bug,auto_handle
@AppleSupport It's okay now 🙈,@585934 Thanks for letting us know.  If you need anything else be sure to let us know.,General Feedback,auto_handle
@AppleSupport Why am I unable to buy music w/ my card when I’ve little more than enough money in it than the amount of the song I’m buying?,"@186240 Thanks for reaching out. If you're experiencing iTunes billing issues, contact our iTunes Store Support here: https://t.co/SDIe7UiyJN",Account Support,escalate
@AppleSupport please fix iOS 11 I’m lucky if my phone lasts me an hour without dying,@609682 Thanks for reaching out to us. We are always happy to help. Send us a DM so we can look into this together. https://t.co/GDrqU22YpT,Battery Issue,auto_handle
Hey @AppleSupport why do custom lyrics added in iTunes not survive syncs to iOS devices?,@322957 We can certainly help look into these lyrics with you. What version of iTunes do you have &amp; are you an Apple Music subscriber?,Feature Inquiry,escalate
@115858 WHEN THE FUCK ARE YOU GOING TO FIX THE “I️”,"@663913 We've recently released iOS 11.1.1, which includes a fix for autocorrect issues. Let's create a backup and update your iPhone, following the steps here: https://t.co/80YRnjDFDk",Software Bug,escalate
@115858 iPhone 7 GLITCHY as hell #wtf #apple 💔😡 https://t.co/BIYIBxj1N5,@352796 Let's look into this together. Send us a DM including the exact iOS version installed. We'll go from there. https://t.co/GDrqU22YpT,Software Bug,auto_handle
"@AppleSupport is this real? Seems legit. Haha 

-Sent from my @1647 Galaxy S7 Edge https://t.co/cqNqxHkk9o",@262402 We'd like to help and look into this with you. Please DM us details of the sender's address and we'll confirm if this came from our support team there. https://t.co/GDrqU22YpT,Account Support,escalate
@AppleSupport With all apps,@682671 Got it. Does this happen when testing both the rear and front cameras? Which iOS version did you have installed prior to this update?,Hardware Defect,escalate
"@115858 why does your new iPhone update suck?
Getting ghost calls. Apps open super slow and everything is buggy.",@586377 We'd like to look into the trouble you're having. Please send us a DM with which version of iOS 11 you've updated to. https://t.co/GDrqU22YpT,Software Bug,auto_handle
"Atualizei o iOS e não consigo mandar áudio no WhatsApp 😩😩
@AppleSupport help me please 😩
•
@115858","@196980 Since our Twitter support is available in English, get help at https://t.co/IBIY3vMgPj or join https://t.co/pvaOFfPbjt",Software Bug,auto_handle
@AppleSupport That one https://t.co/DBg8tni0rG,@211378 Thanks for checking that out and providing those photos. Send us a DM letting us know what happened prior to this: https://t.co/GDrqU22YpT,Software Bug,escalate
So the yall release the iPhone X then anytime I️ type the letter “I” this shit pops up. @AppleSupport @115858 @AppleSupport fix your shit https://t.co/pSZFwDthSu,@486434 Check out this article and DM us if you have questions: https://t.co/xU1AGHStV6 https://t.co/GDrqU22YpT,Software Bug,auto_handle
@AppleSupport hi. Your last update messed up my phone and I’m very upset! Never buying another iPhone again,@662982 Let's help get sorted for you. Please DM us what is going on with your device and we can go from there together. https://t.co/GDrqU22YpT,Software Bug,auto_handle
The new #ios11 is killing my battery! From 100% to 75% in only 30 min. WTF @115858!,@693424 Send us a DM and let us know when you updated to 11.0.3: https://t.co/80YRnjDFDk Include the country you're in. https://t.co/GDrqU22YpT,Battery Issue,escalate
@AppleSupport iPhone 6S with the most recent iOS.,@130264 Thanks! Have you noticed if this is occurring when using specific apps? Please DM us so we can look into this further. https://t.co/GDrqU22YpT,Software Bug,escalate
@115858 latest iPhone update has ruined my iPhone 7. It keeps crashing and the screen keeps going blank,@320710  We want to help.  Send us a DM letting us know if you are updated to iOS 11.0.3.,Software Bug,auto_handle
@AppleSupport Beats x and iOS 11.0.3,"@669920 In iOS 11, the Today view can be edited and widgets can be added, including the Batteries widget: https://t.co/0iiiCXOKEV",Feature Inquiry,escalate
@AppleSupport I tried that but it says that I need the email associated with the order the original message I received came from __email__,"@220983 If an item was ordered through your Apple ID, you can go to https://t.co/wkpIus7aP3 to get details. It's also possible someone may have transposed their phone number for notifications to your phone number.",Account Support,escalate
"@AppleSupport having problems downloading apps from App Store, what should I do? Username and password is all set it just won’t load 🤔",@501782 We'd be happy to look into this with you. Please DM us so we can gather further details. https://t.co/GDrqU22YpT,Software Bug,auto_handle
.@115858 @AppleSupport WHY DOES MY UPDATE CAPITALIZE RANDOM WORDS LIKE Four and Something?! IT’S DRIVING ME CRAZY!!!!,@662816 We're glad you reached out. This article can help with predictive text: https://t.co/U5VKSTl2CD Let us know if you have questions.,Software Bug,escalate
@784955 @115858 My 8 plus still glitches. It’s the update that sucks,@660522 We'd like to look into this further. Please DM us to continue working on this. https://t.co/GDrqU22YpT,Software Bug,auto_handle
@AppleSupport 3 days later and still not working,@490703 We're here to help. Please meet us in DM and we'll continue working together there. https://t.co/GDrqU22YpT,Software Bug,auto_handle
@AppleSupport Yup,@691752 Thanks for confirming that. Can you provide us which iOS version is on your device? This can be located in Settings &gt; General &gt; About &gt; Version.,Software Bug,auto_handle
"@115858 I have a series 3 watch that I just got. Felt a burning feeling on my wrist, took my watch off and had a big blister. Any ideas??? https://t.co/AulfytrOzh",@797555 We want to do everything we can to help. DM us and we'll continue from there. https://t.co/GDrqU22YpT,Hardware Defect,auto_handle
@AppleSupport Hi there! The device is now generally very slow and sluggish... even after reboot and all apps closed,@246738 Thank you. Which iOS 11 version is installed currently? You'll find that from Settings &gt; General &gt; About.,Software Bug,auto_handle
Absolutely love how the new iPhone update crashes all my apps when my phone is 4 months old. @115858,@764483 We're here to help. Can you DM us more about what's going on with your iPhone? Which iPhone and iOS version you're using? https://t.co/GDrqU22YpT,Software Bug,auto_handle
Handy how my loud speaker has stopped working since the new update. Cheers @115858 👍🏻 nice one,@184696 We want to check this out. Send us a DM and we will go from there. https://t.co/GDrqU22YpT,Hardware Defect,auto_handle
@AppleSupport I do. I tried it before but I got the message saying that I had mono Internet connection,@356549 Okay. Let's keep working on this from DM. Join us here: https://t.co/GDrqU22YpT,Software Bug,auto_handle
@AppleSupport This glass is substandard.,@202928 We know scratches to a device screen are no fun. We'd be happy to look into your situation. Please DM us here: https://t.co/GDrqU22YpT,Hardware Defect,escalate
. @115858 @AppleSupport any reason why the iPhone X battery would be draining rather quick?,@146512 Let's take a look. Send us a DM and let us know the iOS version you're running. https://t.co/GDrqU22YpT,Battery Issue,auto_handle
@AppleSupport I have a bug I need to report but I’m not a developer or running a public beta. What do I need to do?,@312581 Let's look into that. Send us a DM and we'll go from there. https://t.co/GDrqU22YpT,Feature Inquiry,auto_handle
"Updated iMovie, now only HALF of the audio is imported??? 😩😩😩@AppleSupport https://t.co/92suNepQTk",@297959 Let's look into this together. Please DM us and let us know any steps you've tried so far to address this issue. https://t.co/GDrqU22YpT,Software Bug,escalate
@AppleSupport 11.1.1 and about to take the 11.1.2,@765667 Make sure you have a backup before updating. Let us know what happens once that's completed.,Software Bug,escalate
@AppleSupport No.  The Get turns into a swirling circle that just keeps swirling.  Could go on for minutes.  It's like it's thinking ...,@303998 Are you trying to download apps on Wi-Fi or cellular?,Software Bug,escalate
".@AppleSupport @115858 Is there a way to have my media function keys work like the used to before I upgraded to High Sierra? ie have them actually play/pause/forward my music in iTunes/Spotify, not whatever you changed them to do now? This is v frustrating :(","@784249 While you may need to reach out to the Spotify app developers, we'd like to see how we can help from our end of things. What exactly is happening after updating your Mac with the Spotify app?

Also, does the same thing occur in one of the apps included, like iTunes?",Feature Inquiry,escalate
@AppleSupport  I purchased something from you guys and I canceled the order and I need my money back on my credit card 😩😩,@483400 Thanks for contacting us. Was this an Apple Online Store purchase? Or was it an App Store or iTunes download purchase?,Account Support,escalate
Can’t buy anything on https://t.co/oFbDsnOhqP—payment isn’t working (either direct through credit card or through PayPal) @AppleSupport,@685334 We recommend reaching out to our Sales Support team via the following link: https://t.co/8yjRd1Xo0i,Account Support,escalate
@115858 yo fix this,"@667093 Let's work on this together. Which iOS are you running? Check here: Settings &gt; General &gt; About. If you're not already on iOS 11.1.1, we recommend updating to that and checking to see if the issue persists: https://t.co/80YRnjDFDk",Software Bug,escalate
"@AppleSupport Before restarting, I also attempted several numbers until I exceeded the limit, so the iCloud keychain should no longer exist, but it’s still asking for a pin.","@779816 Go ahead and send us a DM, please. Let us know the country you're in. https://t.co/GDrqU2kzhr",Account Support,escalate
"Nach iOS Update erneut d. Problem, d. Akkuanzeige beim 6s und tatsächlicher Akku n. übereinstimmen und Handy mit 30% aus geht @AppleSupport",@392691 We offer support via Twitter in English. Contact us for help in your preferred language here: https://t.co/IBIY3vMgPj,Battery Issue,auto_handle
I feel like of all the letters for @115858 to have a glitch with - the letter “I” shouldn’t be it... they need to fix this ASAP...,@630504 Here’s what you can do to work around the issue until it’s fixed in a future software update: https://t.co/xXaXeeSRt9,Software Bug,auto_handle
"@applesupport I'm having some issues with iPhone 6s, running 11.1.2. Overnight it has developed a bug where every 2-3 mins the screen will go black and a spinning wheel will appear, after that it goes to the lock screen and wants my passcode. I've tried restoring, plz help!","@258333 We can get you back up and running with your iPhone. Check out the steps in the following article: https://t.co/osZOKKTalm

DM us if you're still having issues after that.",Software Bug,escalate
This iPhone update is straight garbage my phones has been fucked ever since @AppleSupport,@467766 We’re here to address your concerns. Please share a few additional details about your issue in DM. https://t.co/GDrqU22YpT,Software Bug,auto_handle
@AppleSupport Hi . Since updating to iOS 11 I have been having issues with my 7 plus.It keeps freezing on Almost every app. Is there a fix?,@518415 We'd like to investigate further with you. Send us a DM and we can troubleshoot more from there. https://t.co/GDrqU22YpT,Software Bug,auto_handle
@AppleSupport sent you a message. Can you reply ASAP?,@288022 We have received your DM and will continue there.,Account Support,auto_handle
I'm about to file a lawsuit against @115858 . Why am I being charged $8 every 7 days for something  I never authorized.  #mad #sueapple this is the second time. 😡😡😡 #confused #refundmymoney,@770589 We’d like to understand more about this situation. Please DM us some details and we’ll take it from there. https://t.co/GDrqU22YpT,Account Support,escalate
@AppleSupport I am using an Apple Watch.,@171869 Let’s team up in DM and we’ll do our best to assist you. https://t.co/GDrqU22YpT,Feature Inquiry,auto_handle
@115858 @AppleSupport upgrade from iPhone 7 Plus to iPhone 8 Plus all my photos are gone. It's still in iCloud but not on the phone help?????,@554431 Let's see what we can do to help. Send us a DM with more details as to how this happened and we can get started. https://t.co/GDrqU22YpT,Account Support,escalate
@115858 @AppleSupport you need to fix this NOW!!! https://t.co/maMWEKcF22,@527133 We want to help. Would you tell us more about what's happening in DM? https://t.co/GDrqU22YpT,Software Bug,auto_handle
@568205 @115858 yes ! and when i charge it .. it last for no more than 10 minutes then back to square one,"@568204 We want your iPhone to function the way you expect it to, and we’ll be glad to help. To start, DM us the iOS version it’s on. https://t.co/GDrqU22YpT",Battery Issue,auto_handle
Apparently the new @115858 update is obsessed with me never typing I️ ever again. I’m living in the world of Ayn Rand’s Anthem all the sudden,"@410318 Fill us in via DM on what exactly is occurring, then we can work together to get it resolved. https://t.co/GDrqU22YpT",Software Bug,auto_handle
@AppleSupport It’s private &amp; it’s only hooked up to that WiFi,"@417257 So we can rule out network concerns, are you able to test with an alternate Wi-Fi source to see if it's able to connect?",Software Bug,escalate
So @115858... can you let us know which of the updates is actually going to work? You pretty much messed up my phone 😤,@547190 We'd love to help you get your iPhone working in the way you expect. DM us details about what's going on and we'll get started. https://t.co/GDrqU22YpT,Software Bug,auto_handle
Hi @AppleSupport - why is my battery unable to cope since the latest iPhone update?? What’s going on?!,@152531 Hey there. Let's get to work on this together. Please shoot us a DM and we'll get started. Tap here to continue: https://t.co/GDrqU22YpT,Battery Issue,auto_handle
@AppleSupport hi...I can’t add my credit card in my payment information...why?and do I have to use specific bank?,@314649 Let's take a look into this together. DM us and we'll get started. https://t.co/GDrqU22YpT,Account Support,auto_handle
So like... is @115858 ever going to fix the whole question mark symbol thing or what?,@632748 Here’s what you can do to work around the issue until it’s fixed in a future software update: https://t.co/xXaXeeSRt9,Software Bug,auto_handle
@115858 #apple #ios11update #11.0.2 so many issues! #fixit @116333,"@614079 Are you experiencing trouble with your device? Send us a DM to tell us more, and we'll work together to resolve it. https://t.co/GDrqU22YpT",Software Bug,auto_handle
@AppleSupport I can get a faster response from a pile of dirt,@189689 We apologize for any delay you're experiencing. You have a question about using Numbers on an iPad Pro with iCloud Drive. We have Advisors who specialize in these iOS apps. You can reach them here: https://t.co/IBIY3vMgPj,Feature Inquiry,escalate
@AppleSupport Still nothing,"@212459 Got it. Meet up with us in DM, and we'll look into some other options to get this taken care of. https://t.co/GDrqU22YpT",Software Bug,auto_handle
@AppleSupport I got this https://t.co/LUpYFOoGEm,@511244 We appreciate the screenshot. Please follow the steps in this support article for that error: https://t.co/VtLfFWoKGX,Software Bug,escalate
"Lo de iOS 11 en el iPhone SE es una lacra, haced algo ya, bloqueos constantes, drenaje de batería, mala conexión bluetooth @115858. https://t.co/RohWtHpncy",@451098 We offer support via Twitter in English. Get help in Spanish here: https://t.co/IBIY3vMgPj or join https://t.co/OczyRx7IOs,Software Bug,auto_handle
@AppleSupport Not sure why I’m getting this message when tapping on details for a calendar event. What can I do to resolve it? https://t.co/jKwaWa0bik,@309650 Thanks for reaching back out to us. Does this still happen on restarting your watch?,Software Bug,escalate
@4305 the most affected app (for me) by the new #ios11 update. And a whole lotta others @115858. Everything hangs. #googlekeyboard,@513056 We can help you. Are you experiencing this only while using WhatsApp? Please DM us. https://t.co/GDrqU22YpT,Software Bug,escalate
Anyone else find that when you type the letter “I” it autocorrects to the letter “A” with a symbol? @115858 @AppleSupport fix it,@525897 Here’s what you can do to work around the issue until it’s fixed in a future software update: https://t.co/xXaXeeSRt9,Software Bug,auto_handle
@AppleSupport cell service continually wing dropped on iPhone 6s after iOS 11 upgrade. Using Maps is useless and dangerous. How to fix?,@359887 Thanks for reaching out. We're here to help. DM us so we can look into this further with you. https://t.co/GDrqU22YpT,Software Bug,auto_handle
What’s wrong? @AppleSupport @115858 #IOS11 https://t.co/18x8g9qDAC,@754121 We'd be happy to take a look for you. Please send us a DM. https://t.co/GDrqU22YpT,Software Bug,auto_handle
@AppleSupport How come IOS 11 has been really sluggish? Its been one of the worst IOS’s smh,@265429 We know how essential it is for your iPhone to run quickly. Let's get to the bottom of this together. Have you installed the iOS 11.1.2 update? Can you DM us if specific apps are running slower than others? https://t.co/GDrqU22YpT,Software Bug,escalate
"Confused why my iPhone is charging and still losing power? @115858, what’d you do? 🤔",@662653 We'd like to look into this together. When did this start happening? What version of iOS are you running currently?,Battery Issue,escalate
"Hey @AppleSupport, my 2016 MBP has been crashing at least once per day. Care to give me some insight based on a crash report?",@548992 Thanks for reaching out. It's certainly unexpected for your MacBook to be crashing. Let us know more about this via DM. https://t.co/GDrqU22YpT,Software Bug,escalate
What have you done @AppleSupport https://t.co/vosDDLtJiy,@536665 Thanks for bringing this to our attention. Please send us a DM and provide us more details about what you're experiencing. https://t.co/GDrqU22YpT,Software Bug,auto_handle
@AppleSupport I bought a new iPhone 7 2 weeks ago. Was 100% @ 5pm yest and down to 3% already without barely using it. I thought the battery was menabe better!!?? Pls help,@664039 We're happy to help. Try these tips for battery life and let us know in DM if you still have an issue: https://t.co/TpjqFp3jxD https://t.co/GDrqU22YpT,Battery Issue,escalate
Dear @115858 your update killed my phone as it started to freeze doesn’t respond to what I want open. Hope u fix it soon,@561236 We’d like to learn more about your experience. Please DM us which device and version of iOS 11 you’re using to begin. https://t.co/GDrqU22YpT,Software Bug,auto_handle
@AppleSupport Hi 11.1.1 has made my iPhone 6S unusable....switches off and on....battery says 1% then 43%....please advise,@691751 We're here to help. Let's take this to DM so we can better assist you. https://t.co/GDrqU22YpT,Battery Issue,auto_handle
@115858 @AppleSupport just got a call saying to not use my Apple device. Pretty sure it’s a Spam call. Here’s the number: 855-401-0829. FYI.,"@450093 Thanks for the heads up! That doesn't sound like it was from us. Connect with us by DM, and let us know more about the call. https://t.co/GDrqU22YpT",Account Support,escalate
"@AppleSupport my songs aren’t downloading, it just keeps spinning https://t.co/rRmt4q48Ud",@559096 Have you restarted your iPhone since this happened? DM us if that doesn't help. Restart your iPhone: https://t.co/d59djUbfjV https://t.co/GDrqU22YpT,Software Bug,escalate
@AppleSupport Thank you so much! I have the #iPhone7,@208026 Can you tell us more about what's happening with WhatsApp?,Software Bug,escalate
@321322 @115858 What's the issue? I have the same problem :(,"@321321 Hey, we can help you. DM us some more details and we'll work together. https://t.co/GDrqU22YpT",Software Bug,auto_handle
@115858 any idea when you’ll fix the 11.0.2 update? I have had to completely shut my phone down multiple times because it locked up!,"@298853 We'd be happy to take a look into this. Send us a DM, and we'll get started. https://t.co/GDrqU22YpT",Software Bug,auto_handle
"What the hell is this, @115858 ? You're making my phone glitch so hard that I can't end phone calls now? Shits annoyin https://t.co/vdcyIIL7Eg","@668459 Thanks for reaching out to us, we're here for you. Which iOS version is your iPhone running? How to find the iOS version: https://t.co/ZTw54HL4Rm",Software Bug,escalate
"@AppleSupport iPhone 7 and yes, it’s up to date.",@774973 We want to find a fix for this issue for you. Please send us a DM and we'll help you. https://t.co/GDrqU22YpT,Software Bug,auto_handle
@238155 Cc: @AppleSupport new feature request for next iOS version.,@511888 We value your feedback. You can submit your feedback by using this link:  https://t.co/eTPVYVFyd8,Feature Inquiry,escalate
"@AppleSupport My iPhone 7 has been lagging a lot since I’ve updated to iOS 11 &amp; now 11.0.2 
Please help. #iOS11Update","@312519 Thanks for reaching out! Let us know via DM if you've experienced this lagging when typing, or when using other apps as well? https://t.co/GDrqU22YpT",Software Bug,escalate
"i cant access my iphone 7 plus because of this activation lock, helpppp @AppleSupport","@313425 Hi there. We received your DM, and we'll follow up there shortly to see how we can help. https://t.co/GDrqU22YpT",Account Support,auto_handle
"New iPhone out and my old iPhone suddenly starts running like hot garbage. I should definitely upgr... wait... you don’t think that was planned, do you?... nah, @115858 wouldn’t do that 🙄🙄🙄",@771698 We'd be happy to look into any issues you may be having. Could you please send us a DM so we can gather some information and get started? https://t.co/GDrqU22YpT,Software Bug,auto_handle
@AppleSupport you need to fix yo shit and all this glitching going on... i’m tired of these apps doing things on their own,@815220 We'd like to help. Send us a DM. https://t.co/GDrqU22YpT,Software Bug,auto_handle
@115858 @188 1. @115858 get your shit together and fix the 👁 2. Facebook I️ don’t want your @115821  adds to ever be on my feed 3. 👁 can’t even,@630512 Here’s what you can do to work around the issue until it’s fixed in a future software update: https://t.co/xXaXeeSRt9,Software Bug,auto_handle
@AppleSupport how do i stop getting these notifications every single day i back my stuff up through google because it’s infinitely better than iCloud https://t.co/sZiwZkiDYX,"@331093 Hello! Take a look at this article: https://t.co/7vNd2QAL5s Scroll down to the section titled ""Backups"".",Feature Inquiry,escalate
"@AppleSupport i just got this email. Is it scam because if not something is really wrong. We don't have any single apple
devices 🙃 https://t.co/Kdn8OFTpUa",@566238 We're happy to help. Take a look here for more info on identifying and reporting phishing attempts:  https://t.co/LNMCdqt6fD,Account Support,auto_handle
@299652 @115858 Same!! I did the update that’s supposed to “fix the bugs” and it still messes up 😡,"@299651 We want to help! What issues are you experiencing, and on what device? DM us more details here: https://t.co/GDrqU22YpT",Software Bug,auto_handle
"@AppleSupport hi, i can't install iOS 11.1, it says an error has occurred while verifying",@331181 Let's help you with the update. Are you updating over-the-air or via iTunes?,Software Bug,escalate
"@AppleSupport Depuis la MAJ, ma batterie se vide à une vitesse folle !",@461374 We offer support via Twitter in English. Contact us for help in your preferred language here: https://t.co/IBIY3vMgPj,Battery Issue,auto_handle
@AppleSupport 😩😩😩 https://t.co/cNpF0GXsyY,@533161 We an help with this. Have you tested this with another wireless network? DM us your answer to continue. https://t.co/GDrqU22YpT,Software Bug,escalate
@AppleSupport @115858 . I have been chasing for a simple confusing iCloud issue for ages. Your Indian support team is a joke #apple,@169952 We're happy to help however we can. Please let us know a bit more about what's going on in DM. https://t.co/GDrqU22YpT,Account Support,auto_handle
I assume this is another phishing attempt? @AppleSupport https://t.co/e00ZYl1MeT,@473944 We're happy to help. We have an article here that can explain potential phishing attempts: https://t.co/UmPh98sRKr,Account Support,auto_handle
@AppleSupport Viewing messages,"@232105 When you see the symbols instead of ""I"" it's likely that the person making the post has not yet installed the iOS 11.1.1 update. If you see them when you're typing messages, let us know and we'll be happy to troubleshoot with you.",Software Bug,escalate
"@AppleSupport how can I FULLY hide all notification text from the Messages app?

When I hide text of notifications for other apps, they hide the whole text
Thanks! https://t.co/TBeRpyK432",@176768 We're here for you. There is not a way to hide the phone number or contact name from the preview/notification on the lock screen.,Feature Inquiry,escalate
"@562922 @115858 I haven’t had specific issues, just that my battery life goes down about 70% faster. Shocking, right when the new iPhone comes out 😱🙊","@562921 Battery life is important, and we're here for you. DM us the iOS version your device is running, and we'll go from there. https://t.co/GDrqU22YpT",Battery Issue,auto_handle
"@AppleSupport Tried all of them, but unfortunately no, they didn't.","@679436 Did Siri and notifications work as expected prior to updating to iOS 11.1.1? Does restarting your iPhone effect this issue at all? If we haven't already, let's try restarting now.",Software Bug,escalate
At this point I’m better off with a flip phone @115858 @AppleSupport https://t.co/Da5VVYxL8v,"@533932 We want to help you. DM us, and we'll look into what's going on. https://t.co/GDrqU22YpT",Software Bug,auto_handle
Why cant i update my software @AppleSupport,@666880 We'd like to help! Are you getting any error messages?,Software Bug,escalate
"@AppleSupport If I tap on msg icon or send message, Messages window opens instead of specific window, whr I could compose msg for specific contact https://t.co/2fv74NxSXB","@678373 Got it. Let's go to ""Settings &gt; Contacts &gt; Default Account"" and let us know what you have set here in a DM. We'll pick up from there. https://t.co/GDrqU22YpT",Software Bug,escalate
Dear @AppleSupport; I'm having App Store problems AND you're not responding to my emails. https://t.co/tGU1lkV9vp,"@801410 We want to help. In DM could you please share a few details with us about what you're experiencing? Also, which software version are you using on your Mac? https://t.co/GDrqU22YpT",Account Support,escalate
@AppleSupport For starters my phone keeps freezing. My messages are sending out of order and then disappearing. I keep having to restart my phone!!!,@803778 Thanks for following up. Send us a DM so we can look into this with you there. https://t.co/GDrqU22YpT,Software Bug,auto_handle
"What is wrong with my phone @AppleSupport the brightness, volume, WiFi and Bluetooth adjust themselves at will SEND HELP",@313382 We'd love to help you. Let's work on these issues from DM. Please join us here: https://t.co/GDrqU22YpT,Software Bug,auto_handle
Feeling super pissed off with @AppleSupport (&amp; with @115858). Almost wondering about returning to Android. What is the point in a watch whose screen smashes through the normal wear of an active person?,@623054 We'd love to take a look. Please DM us so we can gather further details. https://t.co/GDrqU22YpT,Hardware Defect,auto_handle
"Just updated my phone AGAIN and now half my pictures are black! WTF, @AppleSupport",@645669 We'd like to look into this. Join us in DM and let us know if you use iCloud Photo Library. https://t.co/GDrqU22YpT,Software Bug,escalate
@115858 The new software update 11.0.3 is making me cry. Most of my apps hang. +/- actions on volume button shows no visual representation.,@554118 We'd be happy to see how we can help. Which device are you seeing this on?,Software Bug,escalate
"@AppleSupport I have try it with an iPhone 7 and iPhone 8S, same problem. The problem is there with Videoshop also so it’s not iMovie.","@121032 Is it all websites with audio, or just certain ones? In case you haven't seen it, here is our official information on screen recording that includes how to record with audio: https://t.co/3AvFrytbBb",Software Bug,escalate
"Hey @115858 ,today for the first time since 2011 i woke up and my phone turned off by itself @ night.Please fix ios11 or let us go back to 10",@324912 Let's look into this for you. Send us a DM and we can check on available options. https://t.co/GDrqU22YpT,Software Bug,auto_handle
"@AppleSupport I was able to lock them unlock the phone . The icons are back to normal. Happened exiting an app, no updates, etc.","@143870 To confirm, does the issue now appear to be resolved?",Software Bug,escalate
"So we really just gonna ignore this in the 11.1 update @applesupport ?

oh ok. https://t.co/bOnwOeMNlp",@480055 We're here for you. Please reach out to us via DM and we can go from there. https://t.co/GDrqU22YpT,Software Bug,auto_handle
"@AppleSupport Hi, I'm having some issues with iPhone 6s, running 11.1.2. Overnight it has developed a bug where every 2-3 mins the screen will go black and a spinning wheel will appear, after that it goes to the lock screen and wants my passcode. I've tried restoring, plz help!",@239222 We'd be happy to look into this with you more in detail. Please reach out to us via DM and we'll get started. https://t.co/GDrqU2kzhr,Software Bug,auto_handle
@AppleSupport Text messages and also using other apps. It happens whenever I’m typing. Starting a message or replying back to someone,@708190 Thanks for reaching out. We're here to help. DM us so we can look into this further with you. https://t.co/GDrqU22YpT,Software Bug,auto_handle
"@AppleSupport My mmams iPhone 6 has been restarted and now is stuck on the choose wifi network screen. The password wont work, please help.",@539970 Let’s team up to get her reconnected. Does this happen with multiple Wi-Fi networks? Let us know via a DM. We’ll go from there. https://t.co/GDrqU22YpT,Software Bug,escalate
"The newest IOS 11.__credit_card__ is draining the S*** out my battery life. Hey @AppleSupport, can you please do something about it.",@162088 We'd like to help. Please DM us the device you're using and we'll get started. https://t.co/GDrqU22YpT,Battery Issue,auto_handle
@AppleSupport The call won't get connected to the other iPhone . I am using the iPhone 6,@300264 Thank you for those details. Have you had a chance to try the steps here: https://t.co/ykxNO0jLw6 Let us know the results.,Software Bug,escalate
Don't you just love it when your phone keeps dying on 20% battery... sort it out @115858 😩😩 #FirstWorldProblems #iphone,@622680 Battery life is very important. We'd like to help out. Does this happen while using specific apps? When did you start noticing this? Tell us in a DM: https://t.co/GDrqU22YpT,Battery Issue,escalate
"@AppleSupport وش الفايدة من فتحة الايفون7 الوحدة؟يعني ضروري أشتري سماعة بلوتوث؟
أكلمكم أنا..",@618623 We offer support via Twitter in English. Contact us for help in your preferred language here: https://t.co/IBIY3vMgPj,Feature Inquiry,auto_handle
Hey @AppleSupport what’s up with this I️ issue?,@472138 We're here for you. Contact us via DM using the link below. https://t.co/GDrqU22YpT,Software Bug,auto_handle
face id gets on my nerves sometimes. i wear glasses and sometimes i take them off when i'm at home and my phone doesn't recognize me. or when i have my hair up it doesn't recognize me either. ughhhhhh @115858 fix this 💀,"@807126 Reach out to us via DM and let us know which version of the iOS is currently installed, then we can take a look at this with you from there. https://t.co/GDrqU22YpT",Feature Inquiry,auto_handle
Hey @115858? Making my Bluetooth automatically turn on now every time something restarts in my phone is aggravating as hell.,@173996 The Bluetooth button is now a disconnect button in the Control Center. You can find out more here: https://t.co/G7BHuQnDS6,Feature Inquiry,escalate
The @115858 update fucked up my calendar https://t.co/tQXoEr1l5I,@412062 We'd be happy to take a closer look. Please send us a DM. https://t.co/GDrqU22YpT,Software Bug,auto_handle
. @115858 This update is brutal. My phone freezes and glitches out now. My speaker will stop working at times until I restart my phone.,@332134  We want to help.  Send us a DM letting us know if you are updated to iOS 11.0.3. https://t.co/GDrqU22YpT,Software Bug,auto_handle
I have lost 5% of my battery life in the time it’s taken me to send this tweet. Don’t update to iOS 11.0.2. Fix this @115858 @AppleSupport,@325205 We'd be happy to help. Send us a DM and we can start there. https://t.co/GDrqU22YpT,Battery Issue,auto_handle
Ma anche a voi la #SmartKeyboard di #Apple su #IpadPro ogni tanto non funziona e dovete riavviare ipad per farla funzionare? @AppleSupport,@299833 We offer support via Twitter in English. Contact us for help in your preferred language here: https://t.co/IBIY3vMgPj,Hardware Defect,auto_handle
@ATT and @115858 GOT SOME EXPLAINING TO DO 😭😭 #upset #SICCUD I ordered my phone before my cousin and one of my friends! My cousin got hers and my friend’s phone done been shipped!!!,"@692955 We’d like to look into this with you a bit further. How did you go about ordering the device? Let us know in DM, and we’ll keep working with you there. https://t.co/GDrqU22YpT",Account Support,escalate
"I’ve been trying to keep my phone updates consistent but it’s literally so buggy right now it’s making me not want to use my phone, I can barely send a text! @115858 what the heck is up?!",@679120 We'd like to help you with any issues that are going on with your device. Please DM us more info about what exactly is happening. https://t.co/GDrqU22YpT,Software Bug,auto_handle
"@AppleSupport @435428 Me think it’s a worldwide problem here, @AppleSupport still wondering where the fix is. (Me has to speak like this so me don’t get A ?)",@625461 Here’s what you can do to work around the issue until it’s fixed in a future software update: https://t.co/xXaXeeSRt9,Software Bug,auto_handle